date,view
2022-06-22,162
2022-06-23,186
2022-06-24,210
2022-06-25,233
2022-06-26,171
2022-06-27,167
2022-06-28,204
2022-06-29,222
2022-06-30,124
2022-07-01,158
2022-07-02,144
2022-07-03,189
2022-07-04,158
2022-07-05,138
2022-07-06,130
2022-07-07,205
2022-07-08,172
2022-07-09,121
2022-07-10,143
2022-07-11,144
2022-07-12,126
2022-07-13,144
2022-07-14,172
2022-07-15,167
2022-07-16,224
2022-07-17,201
2022-07-18,171
2022-07-19,155
2022-07-20,173
2022-07-21,143
2022-07-22,201
2022-07-23,140
2022-07-24,159
2022-07-25,144
2022-07-26,146
2022-07-27,152
2022-07-28,166
2022-07-29,159
2022-07-30,175
2022-07-31,114
2022-08-01,108
2022-08-02,125
2022-08-03,121
2022-08-04,151
2022-08-05,150
2022-08-06,176
2022-08-07,119
2022-08-08,100
2022-08-09,120
2022-08-10,122
2022-08-11,152
2022-08-12,171
2022-08-13,177
2022-08-14,135
2022-08-15,135
2022-08-16,154
2022-08-17,173
2022-08-18,132
2022-08-19,129
2022-08-20,173
2022-08-21,144
2022-08-22,143
2022-08-23,143
2022-08-24,128
2022-08-25,153
2022-08-26,229
2022-08-27,172
2022-08-28,141
2022-08-29,183
2022-08-30,154
2022-08-31,142
2022-09-01,124
2022-09-02,134
2022-09-03,153
2022-09-04,124
2022-09-05,136
2022-09-06,107
2022-09-07,174
2022-09-08,157
2022-09-09,218
2022-09-10,227
2022-09-11,185
2022-09-12,150
2022-09-13,135
2022-09-14,134
2022-09-15,148
2022-09-16,197
2022-09-17,196
2022-09-18,142
2022-09-19,172
2022-09-20,114
2022-09-21,125
2022-09-22,138
2022-09-23,125
2022-09-24,126
2022-09-25,93
2022-09-26,28
2022-09-27,197
2022-09-28,124
2022-09-29,159
2022-09-30,140
2022-10-01,150
2022-10-02,115
2022-10-03,125
2022-10-04,148
2022-10-05,104
2022-10-06,124
2022-10-07,183
2022-10-08,153
2022-10-09,123
2022-10-10,116
2022-10-11,143
2022-10-12,125
2022-10-13,71
2022-10-14,85
2022-10-15,165
2022-10-16,168
2022-10-17,125
2022-10-18,120
2022-10-19,181
2022-10-20,151
2022-10-21,130
2022-10-22,145
2022-10-23,133
2022-10-24,74
2022-10-25,168
2022-10-26,144
2022-10-27,148
2022-10-28,128
2022-10-29,211
2022-10-30,142
2022-10-31,148
2022-11-01,136
2022-11-02,134
2022-11-03,141
2022-11-04,160
2022-11-05,158
2022-11-06,143
2022-11-07,131
2022-11-08,121
2022-11-09,148
2022-11-10,133
2022-11-11,150
2022-11-12,164
2022-11-13,147
2022-11-14,138
2022-11-15,157
2022-11-16,148
2022-11-17,127
2022-11-18,68
2022-11-19,160
2022-11-20,117
2022-11-21,126
2022-11-22,131
2022-11-23,151
2022-11-24,139
2022-11-25,162
2022-11-26,169
2022-11-27,164
2022-11-28,161
2022-11-29,182
2022-11-30,152
2022-12-01,152
2022-12-02,142
2022-12-03,136
2022-12-04,175
2022-12-05,120
2022-12-06,131
2022-12-07,90
2022-12-08,126
2022-12-09,137
2022-12-10,152
2022-12-11,153
2022-12-12,148
2022-12-13,136
2022-12-14,130
2022-12-15,116
2022-12-16,142
2022-12-17,139
2022-12-18,121
2022-12-19,94
2022-12-20,90
2022-12-21,121
2022-12-22,119
2022-12-23,110
2022-12-24,116
2022-12-25,134
2022-12-26,121
2022-12-27,144
2022-12-28,104
2022-12-29,111
2022-12-30,134
2022-12-31,101
2023-01-01,97
2023-01-02,126
2023-01-03,108
2023-01-04,137
2023-01-05,106
2023-01-06,109
2023-01-07,135
2023-01-08,112
2023-01-09,141
2023-01-10,94
2023-01-11,107
2023-01-12,77
2023-01-13,135
2023-01-14,100
2023-01-15,136
2023-01-16,84
2023-01-17,68
2023-01-18,54
2023-01-19,54
2023-01-20,58
2023-01-21,127
2023-01-22,97
2023-01-23,57
2023-01-24,82
2023-01-25,133
2023-01-26,123
2023-01-27,124
2023-01-28,125
2023-01-29,111
2023-01-30,125
2023-01-31,110
2023-02-01,91
2023-02-02,118
2023-02-03,130
2023-02-04,158
2023-02-05,117
2023-02-06,164
2023-02-07,123
2023-02-08,107
2023-02-09,110
2023-02-10,144
2023-02-11,117
2023-02-12,116
2023-02-13,145
2023-02-14,97
2023-02-15,195
2023-02-16,110
2023-02-17,143
2023-02-18,102
2023-02-19,145
2023-02-20,132
2023-02-21,114
2023-02-22,144
2023-02-23,130
2023-02-24,145
2023-02-25,177
2023-02-26,121
2023-02-27,133
2023-02-28,98
2023-03-01,129
2023-03-02,165
2023-03-03,230
2023-03-04,152
2023-03-05,103
2023-03-06,157
2023-03-07,138
2023-03-08,130
2023-03-09,158
2023-03-10,127
2023-03-11,121
2023-03-12,118
2023-03-13,127
2023-03-14,142
2023-03-15,170
2023-03-16,88
2023-03-17,142
2023-03-18,105
2023-03-19,130
2023-03-20,153
2023-03-21,137
2023-03-22,103
2023-03-23,164
2023-03-24,199
2023-03-25,242
2023-03-26,162
2023-03-27,150
2023-03-28,96
2023-03-29,95
2023-03-30,105
2023-03-31,175
2023-04-01,127
2023-04-02,114
2023-04-03,111
2023-04-04,148
2023-04-05,154
2023-04-06,143
2023-04-07,132
2023-04-08,146
2023-04-09,110
2023-04-10,119
2023-04-11,109
2023-04-12,104
2023-04-13,129
2023-04-14,124
2023-04-15,120
2023-04-16,108
2023-04-17,104
2023-04-18,129
2023-04-19,141
2023-04-20,142
2023-04-21,152
2023-04-22,142
2023-04-23,135
2023-04-24,128
2023-04-25,137
2023-04-26,124
2023-04-27,126
2023-04-28,90
2023-04-29,71
2023-04-30,90
2023-05-01,96
2023-05-02,105
2023-05-03,120
2023-05-04,130
2023-05-05,127
2023-05-06,180
2023-05-07,140
2023-05-08,120
2023-05-09,104
2023-05-10,136
2023-05-11,133
2023-05-12,125
2023-05-13,121
2023-05-14,98
2023-05-15,135
2023-05-16,126
2023-05-17,156
2023-05-18,160
2023-05-19,244
2023-05-20,190
2023-05-21,191
2023-05-22,155
2023-05-23,155
2023-05-24,127
2023-05-25,127
2023-05-26,122
2023-05-27,155
2023-05-28,146
2023-05-29,173
2023-05-30,143
2023-05-31,108
2023-06-01,202
2023-06-02,163
2023-06-03,145
2023-06-04,145
2023-06-05,102
2023-06-06,160
2023-06-07,177
2023-06-08,132
2023-06-09,168
2023-06-10,190
2023-06-11,142
2023-06-12,156
2023-06-13,180
2023-06-14,153
2023-06-15,146
2023-06-16,168
2023-06-17,155
2023-06-18,136
2023-06-19,141
2023-06-20,142
2023-06-21,139
2023-06-22,155
2023-06-23,44
2023-06-24,153
2023-06-25,189
2023-06-26,118
2023-06-27,144
2023-06-28,129
2023-06-29,154
2023-06-30,151
2023-07-01,168
2023-07-02,125
2023-07-03,114
2023-07-04,110
2023-07-05,130
2023-07-06,120
2023-07-07,183
2023-07-08,176
2023-07-09,121
2023-07-10,107
2023-07-11,120
2023-07-12,125
2023-07-13,114
2023-07-14,153
2023-07-15,148
2023-07-16,123
2023-07-17,123
2023-07-18,113
2023-07-19,139
2023-07-20,159
2023-07-21,143
2023-07-22,147
2023-07-23,148
2023-07-24,120
2023-07-25,135
2023-07-26,136
2023-07-27,192
2023-07-28,133
2023-07-29,150
2023-07-30,129
2023-07-31,129
2023-08-01,144
2023-08-02,105
2023-08-03,133
2023-08-04,117
2023-08-05,173
2023-08-06,125
2023-08-07,159
2023-08-08,145
2023-08-09,102
2023-08-10,121
2023-08-11,157
2023-08-12,115
2023-08-13,123
2023-08-14,127
2023-08-15,165
2023-08-16,159
2023-08-17,178
2023-08-18,168
2023-08-19,156
2023-08-20,103
2023-08-21,145
2023-08-22,90
2023-08-23,125
2023-08-24,109
2023-08-25,163
2023-08-26,143
2023-08-27,110
2023-08-28,117
2023-08-29,90
2023-08-30,121
2023-08-31,130
2023-09-01,123
2023-09-02,106
2023-09-03,99
2023-09-04,142
2023-09-05,78
2023-09-06,168
2023-09-07,126
2023-09-08,104
2023-09-09,144
2023-09-10,99
2023-09-11,119
2023-09-12,129
2023-09-13,112
2023-09-14,123
2023-09-15,148
2023-09-16,131
2023-09-17,100
2023-09-18,130
2023-09-19,96
2023-09-20,101
2023-09-21,137
2023-09-22,130
2023-09-23,102
2023-09-24,82
2023-09-25,139
2023-09-26,112
2023-09-27,123
2023-09-28,74
2023-09-29,135
2023-09-30,170
2023-10-01,120
2023-10-02,106
2023-10-03,140
2023-10-04,126
2023-10-05,143
2023-10-06,127
